,method,Dataset and metric,Value
0,relu,MAE test,0.03727913186140901
1,relu,RMSE test,0.05362940203141758
2,relu,MAE validation,0.037094500732421876
3,relu,RMSE validation,0.05239222334628759
4,relu,MAE train,0.030454645684424866
5,relu,RMSE train,0.04046668259663995
6,relu,MAE test,0.0390542174085393
7,relu,RMSE test,0.054791462925089976
8,relu,MAE validation,0.03931478881835938
9,relu,RMSE validation,0.05493175374337311
10,relu,MAE train,0.03278692367229056
11,relu,RMSE train,0.04326463379979827
12,elu,MAE test,0.03567574690117937
13,elu,RMSE test,0.0505987487704393
14,elu,MAE validation,0.036195721435546876
15,elu,RMSE validation,0.05112477110366132
16,elu,MAE train,0.03127001303814827
17,elu,RMSE train,0.04217064590145839
18,selu,MAE test,0.04336396451302656
19,selu,RMSE test,0.0618983445018188
20,selu,MAE validation,0.043398101806640624
21,selu,RMSE validation,0.06090657408008111
22,selu,MAE train,0.03717909792636303
23,selu,RMSE train,0.04961739253390897
24,swish,MAE test,0.03580506266803072
25,swish,RMSE test,0.0513503289473296
26,swish,MAE validation,0.03653226318359375
27,swish,RMSE validation,0.05169570639986133
28,swish,MAE train,0.03336044376454455
29,swish,RMSE train,0.04624828357956909
